{
  "allFiles": [
    {
      "file": "/storage/emulated/0/AndroidIDEProjects1/CineCraze/app/src/main/java/com/cinecraze/free/stream/player/CustomPlayerFragment.java",
      "selection": {
        "end": {
          "column": 34,
          "index": 21071,
          "line": 533
        },
        "start": {
          "column": 34,
          "index": 21071,
          "line": 533
        }
      }
    },
    {
      "file": "/storage/emulated/0/AndroidIDEProjects1/CineCraze/app/src/main/java/com/cinecraze/free/stream/DetailsActivity.java",
      "selection": {
        "end": {
          "column": 1,
          "index": 55672,
          "line": 1269
        },
        "start": {
          "column": 1,
          "index": 55672,
          "line": 1269
        }
      }
    },
    {
      "file": "/storage/emulated/0/AndroidIDEProjects1/CineCraze/app/src/main/java/com/cinecraze/free/stream/FullScreenActivity.java",
      "selection": {
        "end": {
          "column": 5,
          "index": 18921,
          "line": 482
        },
        "start": {
          "column": 5,
          "index": 18921,
          "line": 482
        }
      }
    },
    {
      "file": "/storage/emulated/0/AndroidIDEProjects1/CineCraze/app/src/main/java/com/cinecraze/free/stream/EmbedActivity.java",
      "selection": {
        "end": {
          "column": 34,
          "index": 453,
          "line": 14
        },
        "start": {
          "column": 34,
          "index": 453,
          "line": 14
        }
      }
    },
    {
      "file": "/storage/emulated/0/AndroidIDEProjects1/CineCraze/app/src/main/java/com/cinecraze/free/stream/SmartServerSpinner.java",
      "selection": {
        "end": {
          "column": 39,
          "index": 2870,
          "line": 74
        },
        "start": {
          "column": 39,
          "index": 2870,
          "line": 74
        }
      }
    }
  ],
  "selectedFile": "/storage/emulated/0/AndroidIDEProjects1/CineCraze/app/src/main/java/com/cinecraze/free/stream/player/CustomPlayerFragment.java"
}